epoch,dice_coef,loss,lr,val_dice_coef,val_loss
0,0.9136571288108826,0.08634291589260101,1e-04,0.9447445273399353,0.05530354753136635
